国A,国B,接続種別
アイスランド,ノルウェー,海峡・近接海域
アゼルバイジャン,イラン,陸上隣接
アゼルバイジャン,ジョージア,陸上隣接
アゼルバイジャン,トルコ,陸上隣接
アゼルバイジャン,ロシア,陸上隣接
アフガニスタン,イラン,陸上隣接
アフガニスタン,ウズベキスタン,陸上隣接
アフガニスタン,タジキスタン,陸上隣接
アフガニスタン,トルクメニスタン,陸上隣接
アフガニスタン,パキスタン,陸上隣接
アフガニスタン,中国,陸上隣接
アラブ首長国連邦,オマーン,陸上隣接
アラブ首長国連邦,サウジアラビア,陸上隣接
アルジェリア,チュニジア,陸上隣接
アルジェリア,ニジェール,陸上隣接
アルジェリア,マリ,陸上隣接
アルジェリア,モロッコ,陸上隣接
アルジェリア,モーリタニア,陸上隣接
アルジェリア,リビア,陸上隣接
アルゼンチン,ウルグアイ,陸上隣接
アルゼンチン,チリ,陸上隣接
アルゼンチン,パラグアイ,陸上隣接
アルゼンチン,ブラジル,陸上隣接
アルゼンチン,ボリビア,陸上隣接
アルバニア,ギリシャ,陸上隣接
アルバニア,セルビア,陸上隣接
アルバニア,モンテネグロ,陸上隣接
アルバニア,北マケドニア,陸上隣接
アルメニア,アゼルバイジャン,陸上隣接
アルメニア,イラン,陸上隣接
アルメニア,ジョージア,陸上隣接
アルメニア,トルコ,陸上隣接
アンゴラ,コンゴ共和国,陸上隣接
アンゴラ,コンゴ民主共和国,陸上隣接
アンゴラ,ザンビア,陸上隣接
アンゴラ,ナミビア,陸上隣接
アンチグア・バーブーダ,セントクリストファー・ネイビス,海峡・近接海域
アンチグア・バーブーダ,ドミニカ国,海峡・近接海域
アンドラ,スペイン,陸上隣接
アンドラ,フランス,陸上隣接
イギリス,アイスランド,海峡・近接海域
イギリス,アイルランド,陸上隣接
イスラエル,シリア,陸上隣接
イスラエル,ヨルダン,陸上隣接
イスラエル,レバノン,陸上隣接
イタリア,サンマリノ,陸上隣接
イタリア,スロベニア,陸上隣接
イタリア,マルタ,海峡・近接海域
イラク,クウェート,陸上隣接
イラク,サウジアラビア,陸上隣接
イラク,シリア,陸上隣接
イラク,トルコ,陸上隣接
イラク,ヨルダン,陸上隣接
イラン,イラク,陸上隣接
イラン,トルクメニスタン,陸上隣接
イラン,トルコ,陸上隣接
イラン,パキスタン,陸上隣接
インド,スリランカ,海峡・近接海域
インド,ネパール,陸上隣接
インド,パキスタン,陸上隣接
インド,ミャンマー,陸上隣接
インド,モルディブ,海峡・近接海域
インドネシア,シンガポール,海峡・近接海域
インドネシア,パプアニューギニア,陸上隣接
インドネシア,フィリピン,海峡・近接海域
インドネシア,マレーシア,陸上隣接
インドネシア,東ティモール,陸上隣接
エクアドル,ペルー,陸上隣接
エジプト,イスラエル,陸上隣接
エジプト,スーダン,陸上隣接
エジプト,リビア,陸上隣接
エストニア,ラトビア,陸上隣接
エストニア,ロシア,陸上隣接
エスワティニ,南アフリカ,陸上隣接
エチオピア,ケニア,陸上隣接
エチオピア,スーダン,陸上隣接
エチオピア,ソマリア,陸上隣接
エチオピア,南スーダン,陸上隣接
エリトリア,エチオピア,陸上隣接
エリトリア,スーダン,陸上隣接
オマーン,イエメン,陸上隣接
オマーン,サウジアラビア,陸上隣接
オーストラリア,インドネシア,海峡・近接海域
オーストラリア,ニュージーランド,海峡・近接海域
オーストラリア,パプアニューギニア,海峡・近接海域
オーストリア,イタリア,陸上隣接
オーストリア,スイス,陸上隣接
オーストリア,スロバキア,陸上隣接
オーストリア,スロベニア,陸上隣接
オーストリア,チェコ,陸上隣接
オーストリア,ドイツ,陸上隣接
オーストリア,ハンガリー,陸上隣接
オーストリア,リヒテンシュタイン,陸上隣接
カザフスタン,ウズベキスタン,陸上隣接
カザフスタン,キルギスタン,陸上隣接
カザフスタン,トルクメニスタン,陸上隣接
カザフスタン,ロシア,陸上隣接
カタール,サウジアラビア,陸上隣接
カナダ,アメリカ合衆国,陸上隣接
カメルーン,ガボン,陸上隣接
カメルーン,コンゴ共和国,陸上隣接
カメルーン,チャド,陸上隣接
カメルーン,ナイジェリア,陸上隣接
カメルーン,赤道ギニア,陸上隣接
カンボジア,タイ,陸上隣接
カンボジア,ベトナム,陸上隣接
カンボジア,ラオス,陸上隣接
カーボベルデ,セネガル,海峡・近接海域
ガイアナ,スリナム,陸上隣接
ガイアナ,ベネズエラ,陸上隣接
ガボン,サントメ・プリンシペ,海峡・近接海域
ガボン,赤道ギニア,陸上隣接
ガンビア,セネガル,陸上隣接
ガーナ,トーゴ,陸上隣接
キプロス,トルコ,海峡・近接海域
キプロス,レバノン,海峡・近接海域
キューバ,アメリカ合衆国,海峡・近接海域
キューバ,ジャマイカ,海峡・近接海域
キューバ,ハイチ,海峡・近接海域
キューバ,メキシコ,海峡・近接海域
キリバス,ツバル,海峡・近接海域
キリバス,ナウル,海峡・近接海域
キリバス,マーシャル諸島,海峡・近接海域
キルギスタン,ウズベキスタン,陸上隣接
キルギスタン,タジキスタン,陸上隣接
ギニア,ギニアビサウ,陸上隣接
ギニア,シエラレオネ,陸上隣接
ギニア,セネガル,陸上隣接
ギニア,マリ,陸上隣接
ギニア,リベリア,陸上隣接
ギニアビサウ,セネガル,陸上隣接
ギリシャ,トルコ,陸上隣接
ギリシャ,北マケドニア,陸上隣接
クウェート,サウジアラビア,陸上隣接
クロアチア,スロベニア,陸上隣接
クロアチア,セルビア,陸上隣接
クロアチア,ハンガリー,陸上隣接
クロアチア,モンテネグロ,陸上隣接
グアテマラ,エルサルバドル,陸上隣接
グアテマラ,ホンジュラス,陸上隣接
グアテマラ,メキシコ,陸上隣接
グレナダ,セントビンセント及びグレナディーン諸島,海峡・近接海域
グレナダ,トリニダード・トバゴ,海峡・近接海域
ケニア,ウガンダ,陸上隣接
ケニア,ソマリア,陸上隣接
ケニア,タンザニア,陸上隣接
ケニア,南スーダン,陸上隣接
コスタリカ,ニカラグア,陸上隣接
コスタリカ,パナマ,陸上隣接
コモロ,セイシェル,海峡・近接海域
コモロ,マダガスカル,海峡・近接海域
コモロ,モザンビーク,海峡・近接海域
コロンビア,エクアドル,陸上隣接
コロンビア,パナマ,陸上隣接
コロンビア,ベネズエラ,陸上隣接
コロンビア,ペルー,陸上隣接
コンゴ共和国,ガボン,陸上隣接
コンゴ民主共和国,ウガンダ,陸上隣接
コンゴ民主共和国,コンゴ共和国,陸上隣接
コンゴ民主共和国,ザンビア,陸上隣接
コンゴ民主共和国,タンザニア,陸上隣接
コンゴ民主共和国,ルワンダ,陸上隣接
コンゴ民主共和国,南スーダン,陸上隣接
コートジボワール,ガーナ,陸上隣接
コートジボワール,ギニア,陸上隣接
コートジボワール,マリ,陸上隣接
コートジボワール,リベリア,陸上隣接
サウジアラビア,イエメン,陸上隣接
ザンビア,ジンバブエ,陸上隣接
シリア,トルコ,陸上隣接
ジブチ,エチオピア,陸上隣接
ジブチ,エリトリア,陸上隣接
ジブチ,ソマリア,陸上隣接
ジョージア,トルコ,陸上隣接
ジョージア,ロシア,陸上隣接
スイス,イタリア,陸上隣接
スイス,ドイツ,陸上隣接
スイス,フランス,陸上隣接
スイス,リヒテンシュタイン,陸上隣接
スペイン,フランス,陸上隣接
スペイン,ポルトガル,陸上隣接
スペイン,モロッコ,陸上隣接
スリランカ,モルディブ,海峡・近接海域
スロバキア,ウクライナ,陸上隣接
スーダン,チャド,陸上隣接
スーダン,南スーダン,陸上隣接
セントルシア,セントビンセント及びグレナディーン諸島,海峡・近接海域
ソロモン諸島,バヌアツ,海峡・近接海域
タジキスタン,ウズベキスタン,陸上隣接
タンザニア,ウガンダ,陸上隣接
タンザニア,ザンビア,陸上隣接
チェコ,スロバキア,陸上隣接
チェコ,ドイツ,陸上隣接
チェコ,ポーランド,陸上隣接
チリ,ペルー,陸上隣接
ツバル,サモア,海峡・近接海域
トリニダード・トバゴ,ベネズエラ,海峡・近接海域
トルクメニスタン,ウズベキスタン,陸上隣接
トンガ,サモア,海峡・近接海域
ドイツ,オランダ,陸上隣接
ドイツ,デンマーク,陸上隣接
ドイツ,フランス,陸上隣接
ドイツ,ポーランド,陸上隣接
ドイツ,ルクセンブルク,陸上隣接
ドミニカ共和国,ジャマイカ,海峡・近接海域
ドミニカ共和国,ハイチ,陸上隣接
ドミニカ国,セントルシア,海峡・近接海域
ナイジェリア,チャド,陸上隣接
ナミビア,ザンビア,陸上隣接
ナミビア,南アフリカ,陸上隣接
ニジェール,チャド,陸上隣接
ニジェール,ナイジェリア,陸上隣接
ノルウェー,スウェーデン,陸上隣接
ノルウェー,ロシア,陸上隣接
ハンガリー,ウクライナ,陸上隣接
ハンガリー,スロバキア,陸上隣接
ハンガリー,スロベニア,陸上隣接
ハンガリー,セルビア,陸上隣接
ハンガリー,ルーマニア,陸上隣接
バハマ,アメリカ合衆国,海峡・近接海域
バハマ,キューバ,海峡・近接海域
バルバドス,セントビンセント及びグレナディーン諸島,海峡・近接海域
バルバドス,セントルシア,海峡・近接海域
バングラデシュ,インド,陸上隣接
バングラデシュ,ミャンマー,陸上隣接
バーレーン,カタール,海峡・近接海域
バーレーン,サウジアラビア,海峡・近接海域
パプアニューギニア,ソロモン諸島,海峡・近接海域
フィジー,サモア,海峡・近接海域
フィジー,ツバル,海峡・近接海域
フィジー,トンガ,海峡・近接海域
フィジー,バヌアツ,海峡・近接海域
フィリピン,パラオ,海峡・近接海域
フィリピン,ベトナム,海峡・近接海域
フィンランド,スウェーデン,陸上隣接
フィンランド,ノルウェー,陸上隣接
フィンランド,ロシア,陸上隣接
フランス,イタリア,陸上隣接
フランス,モナコ,陸上隣接
フランス,ルクセンブルク,陸上隣接
ブラジル,ウルグアイ,陸上隣接
ブラジル,ガイアナ,陸上隣接
ブラジル,コロンビア,陸上隣接
ブラジル,スリナム,陸上隣接
ブラジル,パラグアイ,陸上隣接
ブラジル,ベネズエラ,陸上隣接
ブラジル,ペルー,陸上隣接
ブルガリア,ギリシャ,陸上隣接
ブルガリア,セルビア,陸上隣接
ブルガリア,トルコ,陸上隣接
ブルガリア,ルーマニア,陸上隣接
ブルガリア,北マケドニア,陸上隣接
ブルキナファソ,ガーナ,陸上隣接
ブルキナファソ,コートジボワール,陸上隣接
ブルキナファソ,トーゴ,陸上隣接
ブルキナファソ,ニジェール,陸上隣接
ブルキナファソ,マリ,陸上隣接
ブルネイ,フィリピン,海峡・近接海域
ブルネイ,マレーシア,陸上隣接
ブルンジ,コンゴ民主共和国,陸上隣接
ブルンジ,タンザニア,陸上隣接
ブルンジ,ルワンダ,陸上隣接
ブータン,インド,陸上隣接
ブータン,中国,陸上隣接
ベナン,トーゴ,陸上隣接
ベナン,ナイジェリア,陸上隣接
ベナン,ニジェール,陸上隣接
ベナン,ブルキナファソ,陸上隣接
ベラルーシ,ウクライナ,陸上隣接
ベラルーシ,ポーランド,陸上隣接
ベラルーシ,ラトビア,陸上隣接
ベラルーシ,リトアニア,陸上隣接
ベラルーシ,ロシア,陸上隣接
ベリーズ,グアテマラ,陸上隣接
ベリーズ,メキシコ,陸上隣接
ベルギー,オランダ,陸上隣接
ベルギー,ドイツ,陸上隣接
ベルギー,フランス,陸上隣接
ベルギー,ルクセンブルク,陸上隣接
ホンジュラス,エルサルバドル,陸上隣接
ホンジュラス,ニカラグア,陸上隣接
ボスニア・ヘルツェゴビナ,クロアチア,陸上隣接
ボスニア・ヘルツェゴビナ,セルビア,陸上隣接
ボスニア・ヘルツェゴビナ,モンテネグロ,陸上隣接
ボツワナ,ザンビア,陸上隣接
ボツワナ,ジンバブエ,陸上隣接
ボツワナ,ナミビア,陸上隣接
ボツワナ,南アフリカ,陸上隣接
ボリビア,チリ,陸上隣接
ボリビア,パラグアイ,陸上隣接
ボリビア,ブラジル,陸上隣接
ボリビア,ペルー,陸上隣接
ポーランド,ウクライナ,陸上隣接
ポーランド,スロバキア,陸上隣接
ポーランド,ロシア,陸上隣接
マダガスカル,セイシェル,海峡・近接海域
マダガスカル,モザンビーク,海峡・近接海域
マダガスカル,モーリシャス,海峡・近接海域
マラウイ,ザンビア,陸上隣接
マラウイ,タンザニア,陸上隣接
マリ,セネガル,陸上隣接
マリ,ニジェール,陸上隣接
マリ,モーリタニア,陸上隣接
マルタ,チュニジア,海峡・近接海域
マレーシア,シンガポール,海峡・近接海域
マレーシア,タイ,陸上隣接
マレーシア,フィリピン,海峡・近接海域
マーシャル諸島,ナウル,海峡・近接海域
ミクロネシア連邦,パラオ,海峡・近接海域
ミクロネシア連邦,マーシャル諸島,海峡・近接海域
ミャンマー,タイ,陸上隣接
メキシコ,アメリカ合衆国,陸上隣接
モザンビーク,エスワティニ,陸上隣接
モザンビーク,ザンビア,陸上隣接
モザンビーク,ジンバブエ,陸上隣接
モザンビーク,タンザニア,陸上隣接
モザンビーク,マラウイ,陸上隣接
モザンビーク,南アフリカ,陸上隣接
モルドバ,ウクライナ,陸上隣接
モルドバ,ルーマニア,陸上隣接
モンゴル,ロシア,陸上隣接
モンテネグロ,セルビア,陸上隣接
モーリタニア,セネガル,陸上隣接
ヨルダン,サウジアラビア,陸上隣接
ヨルダン,シリア,陸上隣接
ラオス,タイ,陸上隣接
ラオス,ベトナム,陸上隣接
ラオス,ミャンマー,陸上隣接
ラトビア,ロシア,陸上隣接
リトアニア,ポーランド,陸上隣接
リトアニア,ラトビア,陸上隣接
リトアニア,ロシア,陸上隣接
リビア,スーダン,陸上隣接
リビア,チャド,陸上隣接
リビア,チュニジア,陸上隣接
リビア,ニジェール,陸上隣接
リベリア,シエラレオネ,陸上隣接
ルワンダ,ウガンダ,陸上隣接
ルワンダ,タンザニア,陸上隣接
ルーマニア,ウクライナ,陸上隣接
ルーマニア,セルビア,陸上隣接
レソト,南アフリカ,陸上隣接
レバノン,シリア,陸上隣接
ロシア,アメリカ合衆国,海峡・近接海域
ロシア,ウクライナ,陸上隣接
中国,インド,陸上隣接
中国,カザフスタン,陸上隣接
中国,キルギスタン,陸上隣接
中国,タジキスタン,陸上隣接
中国,ネパール,陸上隣接
中国,パキスタン,陸上隣接
中国,ベトナム,陸上隣接
中国,ミャンマー,陸上隣接
中国,モンゴル,陸上隣接
中国,ラオス,陸上隣接
中国,ロシア,陸上隣接
中国,北朝鮮,陸上隣接
中国,日本,海峡・近接海域
中央アフリカ共和国,カメルーン,陸上隣接
中央アフリカ共和国,コンゴ共和国,陸上隣接
中央アフリカ共和国,コンゴ民主共和国,陸上隣接
中央アフリカ共和国,スーダン,陸上隣接
中央アフリカ共和国,チャド,陸上隣接
中央アフリカ共和国,南スーダン,陸上隣接
北マケドニア,セルビア,陸上隣接
北朝鮮,ロシア,陸上隣接
南アフリカ,ジンバブエ,陸上隣接
南スーダン,ウガンダ,陸上隣接
南スーダン,チャド,陸上隣接
日本,ロシア,海峡・近接海域
日本,韓国,海峡・近接海域
赤道ギニア,サントメ・プリンシペ,海峡・近接海域
韓国,北朝鮮,陸上隣接
